word,part_of_speech,definition,english_synonyms,russian_synonyms,example
"ostensibly","adv","Apparently, on the surface, though the truth may be different","supposedly, seemingly, outwardly","якобы, на первый взгляд, внешне","The policy was *ostensibly* about safety, though critics saw a financial motive."
"conversely","adv","Looking at it from the opposite point of view","on the other hand, contrarily, inversely","наоборот, напротив, с другой стороны","Cities offer opportunity; *conversely*, they strip away the quiet of rural life."
"arguably","adv","As can reasonably be claimed, though others may disagree","possibly, conceivably, debatably","пожалуй, можно утверждать, вероятно","Online learning is *arguably* the most significant change in education this century."
"notwithstanding","prep","In spite of something","despite, regardless of, even so","несмотря на, вопреки","*Notwithstanding* the cost, the government pressed ahead with the rail project."
"albeit","conj","Although, even though (used to add a qualifying phrase)","though, even if, while","хотя, пусть и, хоть и","The scheme reduced traffic, *albeit* at the expense of local businesses."
"inherently","adv","As a basic, permanent quality that cannot be separated out","intrinsically, fundamentally, innately","по своей сути, изначально, органически","Competition is not *inherently* harmful; it depends on how it is regulated."
"predominantly","adv","Mainly, for the most part","mostly, largely, chiefly","преимущественно, главным образом, в основном","The workforce is *predominantly* young, with most staff under thirty."
"invariably","adv","Always, without a single exception","consistently, unfailingly, every time","неизменно, всегда, постоянно","Poorly designed exams *invariably* reward memorisation over real understanding."
"inadvertently","adv","Without meaning to; by accident","accidentally, unintentionally, unwittingly","непреднамеренно, случайно, ненароком","By subsidising cars, planners *inadvertently* made the city harder to walk in."
"paradoxically","adv","In a way that seems contradictory but is nonetheless true","ironically, contradictorily, oddly enough","парадоксальным образом, как ни странно","*Paradoxically*, having more choice often leaves consumers less satisfied."
"hitherto","adv","Up until now; before this point","previously, formerly, so far","до сих пор, доныне, прежде","The discovery challenged assumptions that had *hitherto* gone unquestioned."
"akin to","phrase","Similar to; of the same nature as","similar to, comparable to, close to","сродни, подобно, схоже с","Learning a language without speaking it is *akin to* studying swimming from a book."
"ubiquitous","adj","Found everywhere; seemingly present in all places at once","omnipresent, pervasive, widespread","вездесущий, повсеместный","Smartphones have become so *ubiquitous* that we no longer notice them."
"prevalent","adj","Common and widespread in a particular place or time","widespread, rife, commonplace","распространенный, преобладающий, повсеместный","Anxiety is far more *prevalent* among students than it was a decade ago."
"detrimental","adj","Causing harm or damage","damaging, harmful, adverse","вредный, пагубный, губительный","Long commutes have a *detrimental* effect on both health and family life."
"negligible","adj","So small or unimportant that it can be ignored","insignificant, minimal, trivial","незначительный, ничтожный, пренебрежимо малый","The tax raised real revenue at a *negligible* cost to ordinary households."
"substantial","adj","Large in size, value, or importance","considerable, significant, sizeable","существенный, значительный, немалый","The charity received a *substantial* donation that funded three new clinics."
"viable","adj","Capable of working successfully in practice","feasible, workable, practicable","жизнеспособный, осуществимый, реальный","Wind power is now a commercially *viable* alternative to coal."
"sustainable","adj","Able to continue over time without exhausting resources","enduring, renewable, long-term","устойчивый, экологичный, рациональный","Tourism must be *sustainable*, or the landscape visitors come for disappears."
"pragmatic","adj","Dealing with things practically rather than theoretically","practical, realistic, level-headed","прагматичный, практичный, здравомыслящий","Rather than argue about ideals, the council took a *pragmatic* approach."
"compelling","adj","So convincing or gripping that it demands attention","persuasive, cogent, gripping","убедительный, веский, захватывающий","She made a *compelling* case for a shorter working week."
"plausible","adj","Seeming reasonable or likely to be true","credible, believable, convincing","правдоподобный, убедительный, вероятный","His explanation was *plausible*, but the evidence did not support it."
"ambiguous","adj","Open to more than one interpretation; unclear","equivocal, vague, open-ended","двусмысленный, неоднозначный, расплывчатый","The wording of the contract was deliberately *ambiguous*."
"disproportionate","adj","Too large or too small in relation to something else","excessive, unbalanced, uneven","непропорциональный, чрезмерный, несоразмерный","Low-income families bear a *disproportionate* share of the burden."
"unprecedented","adj","Never having happened or existed before","unparalleled, unheard-of, groundbreaking","беспрецедентный, небывалый, невиданный","The pandemic caused an *unprecedented* shift towards remote work."
"robust","adj","Strong and able to withstand pressure or criticism","sturdy, resilient, sound","надежный, крепкий, устойчивый","The country needs a more *robust* system for protecting personal data."
"profound","adj","Very deep, intense, or far-reaching in effect","deep, far-reaching, weighty","глубокий, основательный, серьезный","Automation will have a *profound* impact on unskilled employment."
"inevitable","adj","Certain to happen and impossible to avoid","unavoidable, inescapable, bound to happen","неизбежный, неотвратимый","Some job losses are an *inevitable* consequence of new technology."
"intricate","adj","Very detailed and made of many connected parts","complex, elaborate, convoluted","замысловатый, сложный, витиеватый","The novel weaves an *intricate* web of family relationships."
"rudimentary","adj","Basic and undeveloped; at an early stage","elementary, primitive, bare-bones","элементарный, зачаточный, примитивный","My cooking skills are *rudimentary* at best."
"arduous","adj","Requiring great and sustained effort","gruelling, laborious, strenuous","тяжелый, изнурительный, трудоемкий","Qualifying as a doctor is an *arduous* process that takes over a decade."
"futile","adj","Pointless because it has no chance of succeeding","useless, vain, fruitless","тщетный, бесполезный, напрасный","Banning the technology outright would be *futile*, as users simply move abroad."
"tangible","adj","Real and definite enough to be measured or touched","concrete, palpable, measurable","осязаемый, ощутимый, реальный","The training produced *tangible* benefits: output rose within three months."
"pivotal","adj","Of central importance; everything turns on it","crucial, decisive, key","ключевой, решающий, поворотный","Teachers play a *pivotal* role in shaping how children view learning."
"exacerbate","v","To make an existing problem noticeably worse","worsen, aggravate, intensify","усугублять, обострять, ухудшать","Building more roads tends to *exacerbate* congestion rather than relieve it."
"mitigate","v","To make something bad less severe","alleviate, ease, lessen","смягчать, уменьшать, ослаблять","Planting trees can *mitigate* the worst effects of urban heat."
"alleviate","v","To relieve suffering or reduce pressure","ease, relieve, soothe","облегчать, снимать, смягчать","Cash transfers do more to *alleviate* poverty than food aid."
"undermine","v","To weaken something gradually from below","erode, weaken, sap","подрывать, ослаблять","Constant testing can *undermine* a child's confidence."
"underpin","v","To support something and form its foundation","support, sustain, buttress","лежать в основе, подкреплять, поддерживать","Trust *underpins* every successful working relationship."
"facilitate","v","To make a process easier or smoother","enable, ease, assist","способствовать, облегчать, содействовать","Good public transport *facilitates* access to jobs and education."
"hinder","v","To slow down or get in the way of progress","impede, hamper, obstruct","препятствовать, мешать, тормозить","A lack of funding continues to *hinder* medical research."
"curb","v","To limit or control something harmful","restrain, rein in, check","сдерживать, ограничивать, обуздывать","Higher taxes on sugar are intended to *curb* consumption."
"foster","v","To encourage something to develop over time","nurture, cultivate, promote","воспитывать, взращивать, способствовать","Small class sizes *foster* closer relationships between staff and students."
"allocate","v","To give out resources for a particular purpose","assign, distribute, apportion","выделять, распределять, назначать","The government should *allocate* more funding to primary care."
"implement","v","To put a plan or policy into action","carry out, enact, execute","внедрять, осуществлять, реализовывать","It is easy to write a policy but difficult to *implement* it."
"prioritise","v","To treat something as more important than the rest","rank first, emphasise, put first","ставить во главу угла, отдавать предпочтение, расставлять приоритеты","Hospitals must *prioritise* the most urgent cases."
"advocate","v","To publicly recommend and argue for something","champion, endorse, push for","отстаивать, выступать за, поддерживать","Many economists *advocate* raising the retirement age."
"attribute","v","To say that something is caused by a particular thing","ascribe, credit, put down to","приписывать, объяснять, относить","Researchers *attribute* the fall in crime to better street lighting."
"exemplify","v","To be a typical or perfect example of something","illustrate, typify, embody","служить примером, иллюстрировать, олицетворять","Singapore *exemplifies* how careful planning can transform a small nation."
"perpetuate","v","To cause something to continue indefinitely, often something bad","sustain, prolong, entrench","увековечивать, закреплять, поддерживать","Unpaid internships *perpetuate* inequality by excluding poorer applicants."
"scrutinise","v","To examine something very closely and critically","inspect, examine, pore over","тщательно изучать, рассматривать, разбирать","Journalists must *scrutinise* government spending on the public's behalf."
"overhaul","v","To completely change and improve a system","revamp, restructure, rebuild","перестраивать, модернизировать, реформировать","Ministers plan to *overhaul* the outdated examination system."
"streamline","v","To make something more efficient by simplifying it","simplify, rationalise, optimise","оптимизировать, упрощать, рационализировать","Digital forms have *streamlined* what was once a week-long process."
"deter","v","To discourage someone from doing something","discourage, dissuade, put off","сдерживать, отпугивать, отговаривать","Harsher sentences do not necessarily *deter* offenders."
"offset","v","To balance out a negative effect with a positive one","counterbalance, compensate for, cancel out","компенсировать, уравновешивать, возмещать","Companies plant trees to *offset* their carbon emissions."
"galvanise","v","To shock or excite people into taking action","spur, rouse, stir","подстегнуть, воодушевить, всколыхнуть","The documentary *galvanised* public opinion against plastic waste."
"permeate","v","To spread through every part of something","pervade, saturate, infuse","пронизывать, проникать, пропитывать","A sense of optimism *permeated* the entire conference."
"reconcile","v","To bring conflicting things or people into agreement","resolve, harmonise, settle","примирять, согласовывать, увязывать","It is hard to *reconcile* economic growth with environmental protection."
"incentive","n","Something that motivates people to act","motivation, inducement, spur","стимул, побуждение, поощрение","Tax breaks give companies a strong *incentive* to invest locally."
"consensus","n","General agreement reached across a group","agreement, accord, common ground","консенсус, согласие, единое мнение","There is now broad scientific *consensus* on the causes of warming."
"discrepancy","n","A difference between things that should match","inconsistency, mismatch, gap","расхождение, несоответствие, разночтение","There was a *discrepancy* between the reported figures and the audit."
"disparity","n","A great and often unfair difference between groups","inequality, imbalance, gulf","неравенство, разрыв, диспропорция","The *disparity* in pay between the two regions is striking."
"implication","n","A likely consequence, or something suggested but not said","consequence, ramification, undertone","последствие, подтекст, вывод","The findings have serious *implications* for how we teach reading."
"constraint","n","A limit on what can be done","limitation, restriction, curb","ограничение, стеснение, рамки","Time was the main *constraint* on how much we could achieve."
"drawback","n","A disadvantage of an otherwise good thing","downside, shortcoming, snag","недостаток, минус, изъян","The main *drawback* of remote work is the loss of casual conversation."
"catalyst","n","Something that triggers a significant change","trigger, spark, impetus","катализатор, толчок, стимул","The strike acted as a *catalyst* for wider political change."
"threshold","n","The level at which something begins to happen","limit, cut-off point, brink","порог, предел, грань","Households earning below this *threshold* qualify for support."
"backlash","n","A strong public reaction against something","outcry, resistance, reaction","негативная реакция, отпор, волна возмущения","The price rise provoked a fierce *backlash* from customers."
"trade-off","n","A compromise where you gain one thing by giving up another","compromise, balance, exchange","компромисс, размен, баланс","There is always a *trade-off* between speed and accuracy."
"autonomy","n","Independence and the right to govern yourself","independence, self-rule, self-determination","автономия, самостоятельность, независимость","Employees given greater *autonomy* tend to report higher satisfaction."
"infrastructure","n","The basic physical systems a society runs on","framework, foundations, facilities","инфраструктура, основа, коммуникации","Rural areas suffer from decades of underinvestment in *infrastructure*."
"prevalence","n","How widespread or common something is","frequency, extent, commonness","распространенность, частота, повсеместность","The *prevalence* of diabetes has doubled in twenty years."
"adversity","n","Serious and continuing difficulty or hardship","hardship, misfortune, ordeal","невзгоды, трудности, лишения","She showed remarkable determination in the face of *adversity*."
"resilience","n","The ability to recover quickly from setbacks","toughness, adaptability, hardiness","стойкость, жизнестойкость, выносливость","Children develop *resilience* by overcoming manageable setbacks."
"paradox","n","A statement that contradicts itself yet contains truth","contradiction, irony, absurdity","парадокс, противоречие","It is a *paradox* that the wealthiest nations report the loneliest citizens."
"dichotomy","n","A sharp division into two opposed parts","split, division, polarity","дихотомия, разделение, противопоставление","The old *dichotomy* between work and leisure is breaking down."
"nuance","n","A subtle difference in meaning or feeling","subtlety, shade, distinction","нюанс, оттенок, тонкость","Translation often loses the *nuance* of the original phrasing."
"juxtaposition","n","Placing two things side by side so the contrast shows","contrast, pairing, counterpoint","сопоставление, противопоставление","The *juxtaposition* of glass towers and old markets defines the city."
"epiphany","n","A sudden, striking realisation that changes how you see things","revelation, insight, awakening","прозрение, озарение","Standing in that gallery, I had a sudden *epiphany* about my career."
"affinity","n","A natural liking for or connection with something","kinship, rapport, attraction","сродство, влечение, близость","I have always felt a natural *affinity* for coastal towns."
"vivid","adj","Producing powerful, clear images in the mind","striking, graphic, intense","яркий, живой, красочный","She gave a *vivid* description of the market at dawn."
"immersive","adj","Surrounding you so completely that you forget everything else","absorbing, engrossing, enveloping","захватывающий, погружающий, увлекающий","The museum offers an *immersive* experience rather than rows of glass cases."
"exhilarating","adj","Making you feel intensely excited and alive","thrilling, invigorating, electrifying","воодушевляющий, будоражащий, бодрящий","Cycling down the mountain road was absolutely *exhilarating*."
"daunting","adj","Intimidating enough to sap your confidence","intimidating, formidable, off-putting","устрашающий, пугающий, обескураживающий","Speaking in a second language can be *daunting* at first."
"mundane","adj","Ordinary, everyday, and lacking interest","banal, humdrum, run-of-the-mill","обыденный, будничный, заурядный","Automation frees people from the most *mundane* office tasks."
"tedious","adj","Boringly long, slow, and repetitive","dull, monotonous, wearisome","утомительный, нудный, однообразный","Filling in the same form three times was *tedious*."
"overwhelming","adj","So great in force or amount that you cannot cope","crushing, staggering, immense","подавляющий, ошеломляющий, непосильный","The evidence in favour of vaccination is *overwhelming*."
"nostalgic","adj","Fondly and sometimes sadly remembering the past","wistful, sentimental, yearning","ностальгический, тоскующий по прошлому, сентиментальный","Old photographs always make me *nostalgic* for my school years."
"serene","adj","Calm, still, and completely untroubled","tranquil, placid, unruffled","безмятежный, спокойный, умиротворенный","The lake at sunrise was utterly *serene*."
"chaotic","adj","Completely disordered and out of control","disorderly, turbulent, frantic","хаотичный, беспорядочный, сумбурный","Rush hour in the capital is genuinely *chaotic*."
"desolate","adj","Empty and bleak; or feeling utterly abandoned","barren, bleak, forlorn","пустынный, заброшенный, унылый","The mining town felt *desolate* once the industry collapsed."
"luminous","adj","Giving off soft light; glowing from within","radiant, glowing, incandescent","светящийся, сияющий, лучезарный","The city looked *luminous* through the rain-streaked window."
"ephemeral","adj","Lasting for a very short time before disappearing","fleeting, transient, momentary","мимолетный, скоротечный, эфемерный","Fame online is *ephemeral*; today's star is forgotten by Friday."
"relentless","adj","Never stopping, easing, or showing mercy","persistent, unremitting, dogged","неумолимый, неустанный, безжалостный","The *relentless* pace of city life eventually wore him down."
"meticulous","adj","Extremely careful about every small detail","thorough, painstaking, scrupulous","дотошный, скрупулезный, тщательный","She keeps *meticulous* records of every transaction."
"resonate","v","To strike a chord and stay meaningful to someone","strike a chord, echo, reverberate","находить отклик, резонировать, отзываться","His argument about work-life balance really *resonated* with me."
"evoke","v","To bring a feeling, image, or memory into the mind","conjure, summon, elicit","вызывать, пробуждать, навевать","The smell of pine *evokes* childhood holidays."
"yearn","v","To long for something deeply and persistently","long for, crave, pine for","тосковать, жаждать, томиться","After years abroad, many migrants *yearn* for familiar food and language."
"flourish","v","To grow strongly and thrive in good conditions","thrive, prosper, blossom","процветать, расцветать, преуспевать","Small businesses *flourish* when rents are kept affordable."
"dwindle","v","To shrink steadily until little is left","diminish, wane, taper off","убывать, сокращаться, иссякать","Attendance has *dwindled* since the club raised its fees."
